productId,Links
327,"['https://images-na.ssl-images-amazon.com/images/I/716VJqST7BL._AC_SY355_.jpg']"
1,"['https://images-na.ssl-images-amazon.com/images/I/41q4H-gM31L._AC_SX355_.jpg']"
2,"['https://m.media-amazon.com/images/S/aplus-media/vc/e0837f47-70ac-45fc-a5ce-3116cadab4cf.__CR0,17,2499,1546_PT0_SX970_V1___.jpg']"
3,"['https://images-na.ssl-images-amazon.com/images/I/41VyNaiiMQL._AC_SY400_.jpg']"
4,"['https://i.ytimg.com/vi/oUNZhBwJkKU/maxresdefault.jpg']"
5,"['https://i.ebayimg.com/images/g/Y54AAOSw5tBc-nWP/s-l400.jpg']"
6,"['https://images-na.ssl-images-amazon.com/images/I/81-VRFjwYpL._SX355_.jpg']"
7,"['https://images-na.ssl-images-amazon.com/images/I/512GNcwwyAL._SX679_.jpg']"
8,"['https://images-na.ssl-images-amazon.com/images/I/61x498nf7vL._AC_SL1080_.jpg']"
9,"['https://m.media-amazon.com/images/I/51LAab3RxPL._SR500,500_.jpg']"
10,"['https://images-na.ssl-images-amazon.com/images/I/41%2BGnK9DPOL._AC_SX466_.jpg']"
11,"['https://encrypted-tbn0.gstatic.com/images?q=tbn%3AANd9GcRHKTzb7RKI5DRfYAcizNMYuCddXkXhTGpcEoXp1VmO7dmeNOa9&usqp=CAU', 'https://images-na.ssl-images-amazon.com/images/I/71Dm0E6jD2L._SL1000_.jpg']"
12,"['https://images-na.ssl-images-amazon.com/images/I/61rscup9AdL._SY355_.jpg']"
13,"['https://i.pinimg.com/originals/ec/43/94/ec4394a08f383b8056562a62207eabc8.jpg']"
14,"['https://images-na.ssl-images-amazon.com/images/I/81INOm-XN2L._AC_SL1500_.jpg']"
15,"['https://images-na.ssl-images-amazon.com/images/I/51zaWbxjTYL._AC_SY400_.jpg']"
16,"['https://images-na.ssl-images-amazon.com/images/I/71ea8qxJJ8L._SL1500_.jpg']"
17,"['https://q-workshop.com/909-thickbox_default/runic-black-yellow-dice-set-7.jpg']"
18,"['https://images-na.ssl-images-amazon.com/images/I/41cC80pZeSL._SY355_.jpg']"
19,"['https://images-na.ssl-images-amazon.com/images/I/51in6NRF6wL._AC_SY355_.jpg']"
20,"['https://images-na.ssl-images-amazon.com/images/I/61vFgw%2BO19L._SL1500_.jpg']"
21,"['https://images-na.ssl-images-amazon.com/images/I/51Cf0weEkdL.jpg']"
22,"['https://i.pinimg.com/originals/4f/d2/b6/4fd2b6689619c83ce8d781335d3936c6.jpg']"
23,"['https://images-na.ssl-images-amazon.com/images/I/5157esdZXHL._AC_SX425_.jpg']"
24,"['https://images-na.ssl-images-amazon.com/images/I/81c8mw1Pn0L._AC_SX569_.jpg', 'https://encrypted-tbn0.gstatic.com/images?q=tbn%3AANd9GcTHKyQHSo6XIxiMAwSVPrKx_b8MIQSw2Lb8aa6F6UdLVBC4ZVeC&usqp=CAU']"
25,"['https://images-na.ssl-images-amazon.com/images/I/51thHGrlybL._AC_.jpg']"
26,"['https://images-eu.ssl-images-amazon.com/images/I/61jle59yFNL._AC_US200_.jpg']"
27,"['https://i.pinimg.com/originals/22/a4/3f/22a43f82bbe4fd56ba92a9e5e00291b1.jpg']"
28,"['https://images-na.ssl-images-amazon.com/images/I/61Bv3ztPVZL._SL1500_.jpg']"
29,"['https://images-na.ssl-images-amazon.com/images/I/81iONON6sfL._AC_SX425_.jpg']"
30,"['https://images-na.ssl-images-amazon.com/images/I/41uJrgiiOkL._SY355_.jpg']"
31,"['https://wearehubgames-website.s3.amazonaws.com/hero/upload/220/n_800_rsc15_product_2.jpg']"
32,"['https://images-eu.ssl-images-amazon.com/images/I/414-SL7pBHL._SR600%2C315_PIWhiteStrip%2CBottomLeft%2C0%2C35_PIStarRatingFOURANDHALF%2CBottomLeft%2C360%2C-6_SR600%2C315_ZA(82%20Reviews)%2C445%2C291%2C400%2C400%2Carial%2C12%2C4%2C0%2C0%2C5_SCLZZZZZZZ_.jpg']"
33,"['https://images-na.ssl-images-amazon.com/images/I/413Oi32q5aL._AC_SY400_.jpg']"
34,"['https://images-na.ssl-images-amazon.com/images/I/61yp8vuekgL._AC_SX425_.jpg']"
35,"['https://images-na.ssl-images-amazon.com/images/I/61CAgb0fHPL._SL1024_.jpg']"
36,"['https://images-na.ssl-images-amazon.com/images/I/71PY5bYVA0L._SY355_.jpg']"
37,"['https://images-na.ssl-images-amazon.com/images/I/51HcYsESs6L.jpg']"
38,"['https://images-na.ssl-images-amazon.com/images/I/61PQkrfVWQL._AC_SX425_.jpg']"
39,"['https://images-na.ssl-images-amazon.com/images/I/51PnOjemw0L.jpg']"
40,"['https://images-na.ssl-images-amazon.com/images/I/51YpkwWLklL._AC_SX425_.jpg']"
41,"['https://images-na.ssl-images-amazon.com/images/I/41Lm3XVyXOL._AC_SX466_.jpg']"
42,"['https://encrypted-tbn0.gstatic.com/images?q=tbn%3AANd9GcQEPABaYQxsGNYGbTn2gPTZeiJPgdeDpAEN5kf_d0DJNHi6mhrZ&usqp=CAU']"
43,"None"
44,"['https://images-na.ssl-images-amazon.com/images/I/715ykPKs1BL._SL1500_.jpg']"
45,"['https://images-na.ssl-images-amazon.com/images/I/51EtO5PUZtL._AC_SX355_.jpg']"
46,"['https://images-na.ssl-images-amazon.com/images/I/51dER8iV3fL._AC_SX425_.jpg']"
47,"['https://i.pinimg.com/originals/46/c7/40/46c740b4faf354dc13384f5d2812959b.jpg']"
48,"['https://images-na.ssl-images-amazon.com/images/I/41k6HALgwqL.jpg']"
49,"['https://q-workshop.com/img/p/2/6/7/4/2674-large_default.jpg']"
50,"['https://images-eu.ssl-images-amazon.com/images/I/51Dqq4R8HDL.jpg']"
51,"['https://q-workshop.com/1287-thickbox_default/pathfinder-iron-gods-dice-set-pathfinder-dice.jpg']"
52,"None"
53,"['https://i.pinimg.com/originals/26/b7/7e/26b77e045305230c6ce8f12848ed9448.jpg']"
54,"['https://encrypted-tbn0.gstatic.com/images?q=tbn%3AANd9GcQ8NDy7FSmCnfKc9to5P1Ab3lO_wIoYEHDvTVbpm56FqdEDU9JI&usqp=CAU']"
55,"['https://images-na.ssl-images-amazon.com/images/I/61z61wBGpgL._AC_SX352_SY248_.jpg']"
56,"['https://2.bp.blogspot.com/-JEWBc-HlxsY/WIQk08MpE9I/AAAAAAAA214/nHF9O6753JkCaY_6mSiATId4tah3K9rEwCLcB/s1600/Farkle%2B11%2B17.PNG']"
57,"['https://sc01.alicdn.com/kf/HTB1.jL4LXXXXXbSXFXXq6xXFXXX7.jpg_350x350.jpg', 'https://encrypted-tbn0.gstatic.com/images?q=tbn%3AANd9GcQEpX19o8sB3zwbOAYtEEWkK2lw3Vz4Pd8gqNE19SUCGNRd9bvv&usqp=CAU']"
58,"['https://images-na.ssl-images-amazon.com/images/I/71IRayA3isL._AC_SX425_.jpg', 'https://encrypted-tbn0.gstatic.com/images?q=tbn%3AANd9GcQ4cT43OqXfPu1rDVQEAnVqWUkP6usiZU7imKQmFshHWvSY_oNl&usqp=CAU']"
59,"['https://images-na.ssl-images-amazon.com/images/I/514HI2kAXJL._AC_SL1000_.jpg']"
60,"['https://images-na.ssl-images-amazon.com/images/I/513PFkJpf9L._AC_SY200_.jpg']"
61,"['https://images-na.ssl-images-amazon.com/images/I/61CiWJFFYAL._AC_SL1000_.jpg']"
62,"['https://images-na.ssl-images-amazon.com/images/I/41sXkBbSDrL._SX466_.jpg']"
63,"['https://cdn11.bigcommerce.com/s-70184/images/stencil/1280x1280/products/1894/4553/BBGDIC-201-5_5__20569.1506777872.jpg?c=2?imbypass=on']"
64,"['https://encrypted-tbn0.gstatic.com/images?q=tbn%3AANd9GcR6i_W00j08aLCq0xLqXEP3Z4KOn4P31ElFE6L0VHEolDk5zSiU&usqp=CAU', 'https://cdn.shopify.com/s/files/1/1483/3510/products/forest-beige-black-dice-pouch.jpg?v=1522273687']"
65,"['https://images-na.ssl-images-amazon.com/images/I/51walxJrbmL._SX355_.jpg']"
66,"['https://images-na.ssl-images-amazon.com/images/I/61D4Rp2fpFL._SL1024_.jpg']"
67,"['https://encrypted-tbn0.gstatic.com/images?q=tbn%3AANd9GcTnaN0WZwhZCRNUzh2NV8Fl-lNxFFC7hkrZNv5Z8rG1sMt5mAii&usqp=CAU', 'https://images-na.ssl-images-amazon.com/images/I/41FM4RbSd6L._AC_SX425_.jpg']"
68,"['https://images-na.ssl-images-amazon.com/images/I/61nZ2SFytnL._AC_SL1500_.jpg']"
69,"['https://images-na.ssl-images-amazon.com/images/I/71EQICZNAmL._SL1500_.jpg']"
70,"['https://images-na.ssl-images-amazon.com/images/I/714Ly3chvqL._SL1500_.jpg']"
71,"['https://images-na.ssl-images-amazon.com/images/I/71IRayA3isL._SL1500_.jpg']"
72,"['https://images-na.ssl-images-amazon.com/images/I/81i1EInMBVL._SX466_.jpg']"
73,"['https://images-na.ssl-images-amazon.com/images/I/71sNrGJjO5L._AC_SL1000_.jpg']"
74,"['https://live.staticflickr.com/2377/2180088369_5f3fda087d_b.jpg']"
75,"['https://online.fliphtml5.com/ahouv/ufbm/files/large/52.jpg']"
76,"['https://images-na.ssl-images-amazon.com/images/I/419DvXLJWQL._AC_SY400_.jpg']"
77,"['https://i.ebayimg.com/images/g/wdwAAOxyKsZRzlW3/s-l400.jpg']"
78,"['https://images-na.ssl-images-amazon.com/images/I/71iMGTprgaL._SL1500_.jpg']"
79,"['https://www.jesters.com/media/catalog/product/cache/1/image/1800x/040ec09b1e35df139433887a97daa66f/5/3/5318.jpg']"
80,"['https://images-na.ssl-images-amazon.com/images/I/417YMlDsoRL.jpg']"
81,"['https://images-na.ssl-images-amazon.com/images/I/61iipiyjp%2BL._SX355_.jpg']"
82,"['https://images-na.ssl-images-amazon.com/images/I/514efnZqMML.jpg']"
83,"['https://i.pinimg.com/originals/89/39/4a/89394a335c186871ef19285dff76ec7f.jpg']"
84,"['https://images-na.ssl-images-amazon.com/images/I/41IPQC4gpLL._SX355_.jpg']"
85,"['https://images-na.ssl-images-amazon.com/images/I/41yCNlAmD%2BL._SL1024_.jpg']"
86,"['https://rukminim1.flixcart.com/image/832/832/art-craft-kit/n/t/t/kinetic-sand-wacky-tivities-14-oz-neon-orange-original-imaep8szkkabs2xz.jpeg?q=70']"
87,"['https://images-na.ssl-images-amazon.com/images/I/516pKcwlcYL._AC_SY355_.jpg']"
88,"['https://encrypted-tbn0.gstatic.com/images?q=tbn%3AANd9GcTEzF39iNjkB7jqqROP4w5tc0uZg0JP5iXeRyPr0d2oCTLkKwy3&usqp=CAU']"
89,"['https://images-na.ssl-images-amazon.com/images/I/71nscrnl3oL._AC_SX425_.jpg']"
90,"['https://images-na.ssl-images-amazon.com/images/I/81nyOqBXh9L._SY355_.jpg']"
91,"['https://images-na.ssl-images-amazon.com/images/I/81KmK%2B4ueGL._AC_UL160_SR160,160_.jpg']"
92,"['https://images-na.ssl-images-amazon.com/images/I/81CMg5uM37L._AC_SX466_.jpg']"
93,"['https://images-na.ssl-images-amazon.com/images/I/91xajKnZ2kL._SL1500_.jpg']"
94,"['https://images-na.ssl-images-amazon.com/images/I/81uArjShq2L._SY355_.jpg']"
95,"['https://images-na.ssl-images-amazon.com/images/I/91xEzjmRT1L._SY355_.jpg']"
96,"['https://images-na.ssl-images-amazon.com/images/I/41O3HyRvGzL._SY355_.jpg']"
97,"['https://images-na.ssl-images-amazon.com/images/I/814eP6jOLkL._AC_SX425_.jpg']"
98,"['https://images-na.ssl-images-amazon.com/images/I/61flPSSL4LL._AC_SL1000_.jpg']"
99,"['https://images-na.ssl-images-amazon.com/images/I/51CRNFHw9XL._AC_SX425_.jpg']"
100,"['https://www.creativebrainy.com/v1/file/2017/04/ksmetallic1lball.jpg']"
101,"['https://images-na.ssl-images-amazon.com/images/I/8170LBJL57L._SX679_.jpg']"
102,"['https://images-na.ssl-images-amazon.com/images/I/81uieXkFZsL._SL1500_.jpg']"
103,"['https://images-na.ssl-images-amazon.com/images/I/91tMMMveUNL._SX466_.jpg']"
104,"['https://i.ebayimg.com/images/g/bEoAAOSwVXRb5yeg/s-l400.jpg']"
105,"['https://images-na.ssl-images-amazon.com/images/I/51LS49wRrKL._SY355_.jpg']"
106,"['https://rukminim1.flixcart.com/image/352/352/ji3g70w0/art-craft-kit/r/f/d/cra-z-art-cra-z-sand-deluxe-starter-kit-color-may-vary-cra-z-art-original-imaeuhvkb4hzzyua.jpeg?q=70']"
107,"['https://i.pinimg.com/originals/d3/ba/73/d3ba7321aeac8138834340ba3eb87ce8.jpg']"
108,"['https://images-na.ssl-images-amazon.com/images/I/51miBYNt0dL.jpg']"
109,"['https://images-na.ssl-images-amazon.com/images/I/91z2Cp2QiJL._SY355_.jpg']"
110,"['https://encrypted-tbn0.gstatic.com/images?q=tbn%3AANd9GcRDA5R6mUT5doyH7leyqFc_G7vstIGYhGH_CBUujn-aQG_4aZqU&usqp=CAU']"
111,"['https://images-na.ssl-images-amazon.com/images/I/81kZUdHCfAL._SY550_.jpg']"
112,"['https://images-na.ssl-images-amazon.com/images/I/81uieXkFZsL._SL1500_.jpg']"
113,"['https://sc01.alicdn.com/kf/HTB1raODIFXXXXc7XVXXq6xXFXXXn/2377453/HTB1raODIFXXXXc7XVXXq6xXFXXXn.jpg_.webp']"
114,"['https://images-na.ssl-images-amazon.com/images/I/91gDjnYQFuL._AC_SX425_.jpg']"
115,"['https://encrypted-tbn0.gstatic.com/images?q=tbn%3AANd9GcSjxidjNC_AWc3pn-esdB4l9-4rjCYG0enAcN-4w3tPGr2kmx1u&usqp=CAU']"
116,"['https://images-na.ssl-images-amazon.com/images/I/61JtsLP60HL._AC_SL1000_.jpg']"
117,"['https://images-na.ssl-images-amazon.com/images/I/81nZSoK20-L._SX355_.jpg']"
118,"['https://i5.walmartimages.com/asr/c07b3186-5ec8-4920-9aec-e4884debab14_1.8fe9bbdd06588f365a66b19e1d0682fb.jpeg']"
119,"['https://images-na.ssl-images-amazon.com/images/I/71bP8Io-ULL._SL1200_.jpg']"
120,"['https://images-na.ssl-images-amazon.com/images/I/91I3MqvGxIL._SY355_.jpg']"
121,"['https://images-na.ssl-images-amazon.com/images/I/61CUE8czdbL._AC_SX425_.jpg']"
122,"['https://images-na.ssl-images-amazon.com/images/I/6130pDK5-fL._AC_.jpg']"
123,"['https://images-na.ssl-images-amazon.com/images/I/91Xa4AGIHaL._AC_SL1500_.jpg']"
124,"['https://encrypted-tbn0.gstatic.com/images?q=tbn%3AANd9GcTJRMFhmRrINqqGoBTAI5LeD47Vh5-fDOFY1qekmpXpskfmSNdX&usqp=CAU']"
125,"['https://images-na.ssl-images-amazon.com/images/I/71Z4YUMGo7L._SY550_.jpg']"
126,"['https://images-na.ssl-images-amazon.com/images/I/7142LxaB57L._AC_SX425_.jpg']"
127,"['https://images-eu.ssl-images-amazon.com/images/I/513HLEIbZbL._SL500_AC_SS350_.jpg']"
128,"['https://images-eu.ssl-images-amazon.com/images/I/31n2dV8ufBL._SR600%2C315_PIWhiteStrip%2CBottomLeft%2C0%2C35_PIStarRatingFOUR%2CBottomLeft%2C360%2C-6_SR600%2C315_ZA(6%20Reviews)%2C445%2C291%2C400%2C400%2Carial%2C12%2C4%2C0%2C0%2C5_SCLZZZZZZZ_.jpg']"
129,"['https://images-na.ssl-images-amazon.com/images/I/713mu06lYsL._SL1000_.jpg']"
130,"['https://m.media-amazon.com/images/I/51+gUcjF5LL.jpg']"
131,"['https://i.pinimg.com/originals/0c/5a/85/0c5a855df29e09d8ecc316d9e3a6af6b.jpg']"
132,"['https://images-na.ssl-images-amazon.com/images/I/91-P1-04RFL._SY450_.jpg', 'https://encrypted-tbn0.gstatic.com/images?q=tbn%3AANd9GcRqDdiXwF4ffGT5xW1mrOWcjqhkRC_8DOXSHRUYOqL54vB4UcpP&usqp=CAU']"
133,"['https://images-eu.ssl-images-amazon.com/images/I/31MQGeMAR1L._SR600%2C315_PIWhiteStrip%2CBottomLeft%2C0%2C35_PIStarRatingTHREEANDHALF%2CBottomLeft%2C360%2C-6_SR600%2C315_SCLZZZZZZZ_.jpg']"
134,"None"
135,"['https://images-na.ssl-images-amazon.com/images/I/51nYvTzhjQL.jpg']"
136,"['https://images-eu.ssl-images-amazon.com/images/I/511pG9%2BhTCL._SL500_AC_SS350_.jpg']"
137,"['https://encrypted-tbn0.gstatic.com/images?q=tbn%3AANd9GcSXzAJbzYCiyHgY6FVjK0zzcmS7-50NPQjZ7nM67GNixDngYbMw&usqp=CAU']"
138,"['https://i.ebayimg.com/images/g/C9MAAOSwRLZUBK3-/s-l400.jpg']"
139,"['https://images-eu.ssl-images-amazon.com/images/I/31n2dV8ufBL._SR600%2C315_PIWhiteStrip%2CBottomLeft%2C0%2C35_PIStarRatingFOUR%2CBottomLeft%2C360%2C-6_SR600%2C315_ZA(6%20Reviews)%2C445%2C291%2C400%2C400%2Carial%2C12%2C4%2C0%2C0%2C5_SCLZZZZZZZ_.jpg']"
140,"['https://5.imimg.com/data5/PF/QD/MY-10853638/wooden-peg-board-with-color-pegs-250x250.jpg']"
141,"['https://images-na.ssl-images-amazon.com/images/I/318b7FgY1jL.jpg']"
142,"['https://imshopping.rediff.com/imgshop/800-1280/shopping/pixs/12564/4/4879727149728085._beados-s2-glitter-starter-kit.jpg']"
143,"['https://encrypted-tbn0.gstatic.com/images?q=tbn%3AANd9GcSEnBBU5Z5td4TyC_FEQ6bUiUqnelWzBD9iN74WwX3tHjK6nUzL&usqp=CAU']"
144,"['https://images-na.ssl-images-amazon.com/images/I/71T-7gztSVL._AC_SY450_.jpg']"
145,"['https://cdn03.plentymarkets.com/kas01ws75n8b/item/images/22707/full/IMG-2543.JPG']"
146,"['https://i.pinimg.com/originals/99/f7/84/99f7849f637136725a8f249e4af2e4b1.jpg']"
147,"['https://encrypted-tbn0.gstatic.com/images?q=tbn%3AANd9GcQxFl9OA8v_DlbSRuFdTQIDRIOUFWdnNFcubzMTTqDCYj-uvcnf&usqp=CAU', 'https://images-eu.ssl-images-amazon.com/images/I/41pWdRBSaVL._AC_SS350_.jpg']"
148,"['https://images-na.ssl-images-amazon.com/images/I/91uuMYLN9UL._AC_SL1500_.jpg']"
149,"['https://encrypted-tbn0.gstatic.com/images?q=tbn%3AANd9GcQg4iqSybwvzknqzRZBVCHW1BAXzC7HIYsoFZhmCj2ic7MEeBAr&usqp=CAU']"
150,"['https://images-na.ssl-images-amazon.com/images/I/61LHxIDfE-L._SX425_.jpg']"
151,"['https://encrypted-tbn0.gstatic.com/images?q=tbn%3AANd9GcRYu0b6v65SNQPWBkTXPM2Rva40qFR4beoteBfCex9MqvFdPiE1&usqp=CAU']"
152,"['https://i.ebayimg.com/images/g/iG8AAOxyzi9ShgiW/s-l400.jpg']"
153,"['https://images-na.ssl-images-amazon.com/images/I/71ZazP8gbhL._SL1181_.jpg']"
154,"['https://i.etsystatic.com/16772798/r/il/86a7c0/1925773368/il_794xN.1925773368_eyuh.jpg']"
155,"['https://i.pinimg.com/originals/26/53/51/265351b2b9a30bbc30e6e328fbd206a5.jpg', 'https://encrypted-tbn0.gstatic.com/images?q=tbn%3AANd9GcT0oM2vqwp8BeuSEbq-ngWqcl7dWiBlLMxE3xsGtVbitvU-qnPW&usqp=CAU']"
156,"['https://images-na.ssl-images-amazon.com/images/I/71axbMbUMaL._SY550_.jpg']"
157,"['https://i.ebayimg.com/images/g/NeMAAOSwshpa176D/s-l300.jpg', 'https://encrypted-tbn0.gstatic.com/images?q=tbn%3AANd9GcTYBeA0hQzEakF-Bzs58XfB76Iy5AnEVtIW0RqCpT6YESTa1aRt&usqp=CAU']"
158,"['https://images-na.ssl-images-amazon.com/images/I/61Pwt7Ond-L._AC_SY400_.jpg']"
159,"['https://images-eu.ssl-images-amazon.com/images/I/31CHppZevKL._AC_SS350_.jpg']"
160,"['https://encrypted-tbn0.gstatic.com/images?q=tbn%3AANd9GcQF1N3CyZ0cuN1YTljN-IxWDngMIbXoMoFUaVEgwfRt-YcBh_gF&usqp=CAU', 'https://images-na.ssl-images-amazon.com/images/I/71exSVXdoRL._SL1005_.jpg']"
161,"['https://i.pinimg.com/474x/92/2d/1c/922d1c579295b24423683d31b6622905--metallic-gold-loom-bands.jpg']"
162,"['https://encrypted-tbn0.gstatic.com/images?q=tbn%3AANd9GcSh6aIUthUym7TLy2A1jspaWzqFeeHpbqnKKtjvN5Zm6JEaHLOD&usqp=CAU']"
163,"['https://images-na.ssl-images-amazon.com/images/I/51hfeAi3eDL._SX466_.jpg']"
164,"['https://encrypted-tbn0.gstatic.com/images?q=tbn%3AANd9GcSFVzyvRrim0pSUhAx1PB2OqFY20vkT5hcaMzGcKMDsicEQJmvM&usqp=CAU']"
165,"['https://encrypted-tbn0.gstatic.com/images?q=tbn%3AANd9GcReciYsH3SYEohvgYUkQE6WFXH7flE5OfQ6EHMqtHiq6LPoV_AD&usqp=CAU']"
166,"['https://encrypted-tbn0.gstatic.com/images?q=tbn%3AANd9GcRL1PULnMXvCj0djEHrhhlXrS-YLQ8dI6fdr6bB3he1xuxLPYq6&usqp=CAU']"
167,"['https://images-na.ssl-images-amazon.com/images/I/31WkR18btML.jpg']"
168,"['https://i.ebayimg.com/images/g/tygAAOxyNDhSZ48W/s-l300.jpg']"
169,"['https://images-eu.ssl-images-amazon.com/images/I/41pP6HdAj2L.jpg']"
170,"['https://encrypted-tbn0.gstatic.com/images?q=tbn%3AANd9GcTn54LY7wiSLfkSa7uULbwC2-EnswjMsPki4XxsONw6u8toN2LT&usqp=CAU', 'https://images-na.ssl-images-amazon.com/images/I/51WCJindqTL._AC_SX466_.jpg']"
171,"['https://images-na.ssl-images-amazon.com/images/I/410NuloFxWL._SX355_.jpg']"
172,"['https://ae01.alicdn.com/kf/HTB1Oj7kqVmWBuNjSspdq6zugXXal/2015-Black-13pcs-set-Sons-of-biker-patches-for-Vest-clothing-of-Anarchy-patches-badges-sticker.jpg_q50.jpg']"
173,"['https://images-na.ssl-images-amazon.com/images/I/61xpK1ivCmL._AC_.jpg']"
174,"['https://m.media-amazon.com/images/I/61ADpYquOvL._AC_SL400_.jpg']"
175,"['https://n.nordstrommedia.com/id/sr3/400fefaf-24f5-4b1a-afb8-104d96abd19d.jpeg?crop=pad&pad_color=FFF&format=jpeg&trim=color&trimcolor=FFF&w=780&h=838']"
176,"['https://images-na.ssl-images-amazon.com/images/I/71sFWZRTtSL._SX466_.jpg']"
177,"['https://images-na.ssl-images-amazon.com/images/I/511q7mrksYL._AC_SY355_.jpg']"
178,"['https://encrypted-tbn0.gstatic.com/images?q=tbn%3AANd9GcQAEUyTvFQpc7on-7QJit5hIjYcF_cNktjZtCa0PmVvK27saE5a&usqp=CAU']"
179,"['https://images-na.ssl-images-amazon.com/images/I/51nVsXlILsL._AC_SY400_.jpg']"
180,"['https://i.ebayimg.com/images/g/2DIAAOSwyTZUU19C/s-l640.jpg']"
181,"['https://images-na.ssl-images-amazon.com/images/I/51W7NojGQFL._AC_UL320_SR184,320_.jpg']"
182,"['https://cdn.shopify.com/s/files/1/0036/4806/1509/products/m006964092.jpg?v=1582211297']"
183,"['https://i.ebayimg.com/images/g/QeYAAOSwcklZkmNb/s-l300.jpg']"
184,"['https://images-na.ssl-images-amazon.com/images/I/21y5juYUCkL._AC_UL160_SR160,160_.jpg']"
185,"['https://images-na.ssl-images-amazon.com/images/I/41pP6HdAj2L._SX425_.jpg']"
186,"['https://images-na.ssl-images-amazon.com/images/I/816-HnzTZ6L._AC_SX466_.jpg', 'https://encrypted-tbn0.gstatic.com/images?q=tbn%3AANd9GcQmhvSRgLbbUD8Yt0MG9dLC45rWMHA2j6feWuH-ey2sxPnMLtuM&usqp=CAU']"
187,"['https://images-na.ssl-images-amazon.com/images/I/41NEzPBg15L._SX355_.jpg']"
188,"['https://i.ebayimg.com/images/g/NTcAAOSw5dNWs0zx/s-l640.jpg']"
189,"['https://pbs.twimg.com/profile_images/1113927599862964225/fEMzDbgL_400x400.jpg']"
190,"['https://images-na.ssl-images-amazon.com/images/I/71PCM0sst0L.jpg']"
191,"['https://images-na.ssl-images-amazon.com/images/I/71XmqvKPBCL._SX425_.jpg']"
192,"['https://upload.wikimedia.org/wikipedia/commons/thumb/5/50/Black_colour.jpg/1200px-Black_colour.jpg']"
193,"['https://images-na.ssl-images-amazon.com/images/I/51kYNyDyzlL._SY355_.jpg']"
194,"['https://images-na.ssl-images-amazon.com/images/I/71roImkSxHL._SX679_.jpg']"
195,"['https://images-na.ssl-images-amazon.com/images/I/71rYcy9NBIL._SL1500_.jpg']"
196,"['https://i.pinimg.com/originals/71/6c/9d/716c9d2eb410d165d9c99943cae07795.jpg']"
197,"['https://images-na.ssl-images-amazon.com/images/I/61Bu1lxXunL._AC_SX466_.jpg']"
198,"['https://encrypted-tbn0.gstatic.com/images?q=tbn%3AANd9GcSWOBASjWqWs9XrhPOfDjy7vwNBi2VmCrkSbPB9MYwVN9DxGt3T&usqp=CAU']"
199,"['https://images-na.ssl-images-amazon.com/images/I/81FGyEhVJzL._AC_SY679_.jpg']"
200,"['https://images-na.ssl-images-amazon.com/images/I/41BLJ%2Bzz3ZL._AC_UL320_SR256,320_.jpg']"
201,"['https://images-na.ssl-images-amazon.com/images/I/711u3MJgmPL._SY879_.jpg']"
202,"['https://rukminim1.flixcart.com/image/832/832/xmas-tree-decoration/u/q/p/24-christmas-tree-red-shining-balls-priyankish-24-original-imaezac2zemykarb.jpeg?q=70']"
203,"['https://images-na.ssl-images-amazon.com/images/I/41twTCbs6NL._SY355_.jpg']"
204,"['https://www.ubuy.co.th/productimg/?image=aHR0cHM6Ly9tLm1lZGlhLWFtYXpvbi5jb20vaW1hZ2VzL0kvODFDNWJyMlhESkwuX0FDX1VTMjE4Xy5qcGc.jpg']"
205,"['https://images-na.ssl-images-amazon.com/images/I/41TRMbEY1ZL._SX466_.jpg']"
206,"['https://images-na.ssl-images-amazon.com/images/I/812SN0-rcPL._SY355_.jpg']"
207,"['https://images-na.ssl-images-amazon.com/images/I/812SN0-rcPL._SY355_.jpg']"
208,"['https://i.ebayimg.com/images/g/I8IAAOSwFDBdCoVL/s-l225.jpg']"
209,"['https://images-na.ssl-images-amazon.com/images/I/612Q7AEQt2L._AC_.jpg']"
210,"['https://images-na.ssl-images-amazon.com/images/I/51E-eGBtqML._SY355_.jpg']"
211,"['https://images-na.ssl-images-amazon.com/images/I/41LWccp7aEL._SY355_.jpg']"
212,"['https://images-na.ssl-images-amazon.com/images/I/41O2sZgtYfL._AC_SX425_.jpg']"
213,"['https://images-na.ssl-images-amazon.com/images/I/516TnPpJDYL._SR600%2C315_PIWhiteStrip%2CBottomLeft%2C0%2C35_PIStarRatingFOUR%2CBottomLeft%2C360%2C-6_SR600%2C315_SCLZZZZZZZ_.jpg']"
214,"['https://images-na.ssl-images-amazon.com/images/I/41gYTcBvTGL._AC_SX466_.jpg']"
215,"['https://images-na.ssl-images-amazon.com/images/I/61AOW31PF2L._AC_SL1000_.jpg']"
216,"['https://images-na.ssl-images-amazon.com/images/I/915Um1dsrzL._AC_SX425_.jpg']"
217,"['https://i.ebayimg.com/images/g/AAsAAOSw-0xYWZO4/s-l400.jpg']"
218,"['https://images-na.ssl-images-amazon.com/images/I/81FaaHV%2BdiL._SL1500_.jpg']"
219,"['https://i.ebayimg.com/images/g/-RcAAOSwkh9aXieA/s-l400.jpg']"
220,"['https://images-eu.ssl-images-amazon.com/images/I/51gL8kBF86L._SR600%2C315_PIWhiteStrip%2CBottomLeft%2C0%2C35_SCLZZZZZZZ_.jpg']"
221,"['https://images-na.ssl-images-amazon.com/images/I/31FmL%2BX4NdL._SY355_.jpg']"
222,"['https://encrypted-tbn0.gstatic.com/images?q=tbn%3AANd9GcRY4pj7NiqSxeKVnz_yACmxvkUgTK1YCxRIv2a0dNQRJoFGg7Ff&usqp=CAU']"
223,"['https://images-na.ssl-images-amazon.com/images/I/61AOW31PF2L._AC_SL1000_.jpg']"
224,"['https://i.pinimg.com/originals/ab/62/ab/ab62abf9e261412f02be6543578e9569.jpg']"
225,"['https://m.media-amazon.com/images/S/aplus-media/mg/f293d502-4531-4a60-8154-2771180748bb.jpg']"
226,"['https://i.ebayimg.com/images/g/CgcAAOSwy6NcKPoh/s-l640.jpg']"
227,"['https://images-na.ssl-images-amazon.com/images/I/61Bq4YehrBL._AC_SL1050_.jpg']"
228,"['https://encrypted-tbn0.gstatic.com/images?q=tbn%3AANd9GcTo5avu7W2lO2sO-TxeUUAA4jn1rMiAoLolJ5iJNiP2u3By3r21&usqp=CAU']"
229,"['https://images-na.ssl-images-amazon.com/images/I/41NFUNn%2B9XL._SX466_.jpg']"
230,"['https://encrypted-tbn0.gstatic.com/images?q=tbn%3AANd9GcRljFefcUzWQ6G3XHYwy-3mjlMEE9mU9PzADnPIMdohJBG3pCig&usqp=CAU']"
231,"['https://images-na.ssl-images-amazon.com/images/I/71L4aq%2BQEHL._AC_SX425_.jpg']"
232,"['https://i.pinimg.com/originals/da/0c/d4/da0cd44bc2b491f0efca992b7d118e53.jpg']"
233,"['https://images-na.ssl-images-amazon.com/images/I/816Gxf1zQQL._SX425_.jpg']"
234,"['https://images-na.ssl-images-amazon.com/images/I/71nkJVP1DfL._SX522_.jpg']"
235,"['https://images-na.ssl-images-amazon.com/images/I/61LZOUCKUFL._AC_SL1000_.jpg']"
236,"['https://i.ebayimg.com/images/g/uekAAOSwsgFdI5Zo/s-l400.jpg']"
237,"['https://i.ebayimg.com/images/g/HbsAAOSwuxFYzXDS/s-l1600.jpg']"
238,"['https://images-eu.ssl-images-amazon.com/images/I/51WOrOvvnnL._SR600%2C315_PIWhiteStrip%2CBottomLeft%2C0%2C35_SCLZZZZZZZ_.jpg']"
239,"['https://thumbs.worthpoint.com/zoom/images2/1/0615/16/scalextric-caterham-r500-slot-car_1_9ff09b917c0a91e40b476b01612013bd.jpg']"
240,"['https://images-na.ssl-images-amazon.com/images/I/718RirnEOBL._SL1500_.jpg']"
241,"['https://i.ebayimg.com/images/g/UjUAAOSwAHFd~UP6/s-l640.jpg']"
242,"['https://images-na.ssl-images-amazon.com/images/I/517R3kD8umL._SX355_.jpg']"
243,"['https://i.ebayimg.com/images/g/jQgAAOSwq-Bdytsv/s-l1600.jpg']"
244,"['https://images-eu.ssl-images-amazon.com/images/I/51JI35ANzRL.jpg']"
245,"['https://images-na.ssl-images-amazon.com/images/I/51r9KNtTAvL._AC_.jpg', 'https://encrypted-tbn0.gstatic.com/images?q=tbn%3AANd9GcR7XcAwN0hw9SvlGsy1a8DI32wSH9N6RRkojWAvNCXJHwa5UEYA&usqp=CAU']"
246,"['https://encrypted-tbn0.gstatic.com/images?q=tbn%3AANd9GcQvJFo6yE7UVAuiFrpVv8EKfDNkbqSWjsC1KyxTggy_vV-D7lPr&usqp=CAU']"
247,"['https://cdn.shopify.com/s/files/1/0051/2907/6825/products/Zoo-Animal-Hand-Sock-Glove-Finger-Puppets-Sack-Plush-Toy-Cow_3149903a-1ee8-424e-b6cb-57d1153c03f5_1024x1024.jpg?v=1575926527']"
248,"['https://i.pinimg.com/474x/68/3c/3c/683c3ce8ddc09ed35bc0e94833229a58.jpg']"
249,"['https://images-na.ssl-images-amazon.com/images/I/91TA0jt9AlL._SX466_.jpg']"
250,"['https://images-na.ssl-images-amazon.com/images/I/81D4SpzvGhL._SX355_.jpg']"
251,"['https://images-na.ssl-images-amazon.com/images/I/519erEN%2BzOL._SY355_.jpg']"
252,"['https://images-eu.ssl-images-amazon.com/images/I/517R-NzWTwL._SR600%2C315_PIWhiteStrip%2CBottomLeft%2C0%2C35_PIStarRatingFIVE%2CBottomLeft%2C360%2C-6_SR600%2C315_ZA(20%20Reviews)%2C445%2C291%2C400%2C400%2Carial%2C12%2C4%2C0%2C0%2C5_SCLZZZZZZZ_.jpg']"
253,"['https://cdn.shopify.com/s/files/1/0049/6887/4084/products/5qgs2qywskx_ba8e4d1b-5594-4fc9-bdf5-7ad98d173c2c@2x.jpg?v=1575451163']"
254,"['https://cdn.shopify.com/s/files/1/2474/3160/products/Pathfinder_Adventure_Card_Game_Rise_of_the_Runelords_Character_Add-On_Deck_Cards_1024x1024.jpg?v=1535632436']"
255,"['https://i.pinimg.com/originals/08/1e/56/081e561b369516c48eee110a4f547954.jpg']"
256,"['https://encrypted-tbn0.gstatic.com/images?q=tbn%3AANd9GcQqtCxhw1YD9O7FDf6Es8dXfhAk3Me3mfavNc0nXIzl6F1VpNsK&usqp=CAU', 'https://images-na.ssl-images-amazon.com/images/I/81nj4SFT47L._SL1500_.jpg']"
257,"['https://x.boardgamearena.net/data/themereleases/current/games/loveletter/200213-1218/img/game_display5.jpg']"
258,"['https://vignette.wikia.nocookie.net/yugioh/images/b/b9/BP03-BoosterEN.png/revision/latest/top-crop/width/360/height/450?cb=20140430213424']"
259,"['https://images-na.ssl-images-amazon.com/images/I/61kpx82Q-0L._SL1000_.jpg']"
260,"['https://images-na.ssl-images-amazon.com/images/I/71cTLwPViCL._SL1001_.jpg']"
261,"['https://images-na.ssl-images-amazon.com/images/I/41wiv4L3bjL._AC_.jpg', 'https://encrypted-tbn0.gstatic.com/images?q=tbn%3AANd9GcQL7vQeeEnUN3acxYS7gtM2f5g0o3Za43x2_TAj3EgqpV-JRP6N&usqp=CAU']"
262,"['https://images-na.ssl-images-amazon.com/images/I/81917B%2B1jiL._AC_SX425_.jpg']"
263,"['https://images-na.ssl-images-amazon.com/images/I/616SslZWR%2BL.jpg']"
264,"['https://images-na.ssl-images-amazon.com/images/I/71ldZ-VPkoL._AC_SL1500_.jpg']"
265,"['https://cdn.shopify.com/s/files/1/2191/9485/products/shuffle-trivial-pusuit-002_2x_44e1bf5c-65bf-49a7-ae0c-ac6e76f963e9_large.jpg?v=1509660828']"
266,"['https://encrypted-tbn0.gstatic.com/images?q=tbn%3AANd9GcRWpKNBSNRNhoXFo72PzKp0YM85rHxPWYcjZD5ze1Z7YZmylhVF&usqp=CAU']"
267,"['https://cdn.shopify.com/s/files/1/0013/8779/0419/products/57f35f07-3d42-4712-9aa3-b917d5b1488a.jpg?v=1579549408', 'https://encrypted-tbn0.gstatic.com/images?q=tbn%3AANd9GcQBssfUb90G86djLhJpUv9wI7dph3S3OFyrZJpBeM_lcfxERkws&usqp=CAU']"
268,"['https://encrypted-tbn0.gstatic.com/images?q=tbn%3AANd9GcQWd8RgsKS-_ZmYoyYyXBjR0Q29hGNLuhktm2o87nJ0jXRfnFm5&usqp=CAU']"
269,"['https://i.ytimg.com/vi/96DfDYrb4po/maxresdefault.jpg']"
270,"['https://i.ytimg.com/vi/nr2p1cDc9TQ/maxresdefault.jpg']"
271,"['https://images-na.ssl-images-amazon.com/images/I/61Bgnz-uxdL._AC_SX425_.jpg']"
272,"['https://encrypted-tbn0.gstatic.com/images?q=tbn%3AANd9GcT-WWtger1VUO0T7iq-jwztnR0ywQesdQhISf4HDrbxJAWGW3sz&usqp=CAU']"
273,"['https://encrypted-tbn0.gstatic.com/images?q=tbn%3AANd9GcTUf0QRZGljbhZ56f2e2NYYmgBBWuibBJm8BMGpYS9NB8RJ84HP&usqp=CAU']"
274,"['https://i.ebayimg.com/images/g/GNEAAOSwbPldu1pl/s-l300.jpg']"
275,"['https://encrypted-tbn0.gstatic.com/images?q=tbn%3AANd9GcRfI_amw5xsdQyRzhyGtKa65Z-PpsqFu7ex5CCYOtyF9CKms6k1&usqp=CAU', 'https://4.bp.blogspot.com/-H_iqvVinj80/Wa7VeIWhqXI/AAAAAAABwvU/J4KNr5JrsUccVwwFoysNgEae4hGu4oQRQCLcBGAs/s1600/2013-14%2BTop%2BTrumps%2B-%2BManchester%2BCity%2B-%2B2013-14%2B-001.jpg']"
276,"['https://images-na.ssl-images-amazon.com/images/I/51mKaFF1swL.jpg']"
277,"['https://encrypted-tbn0.gstatic.com/images?q=tbn%3AANd9GcRkRjzCwWaX9-_PDBldFui4TxpbaylYAa3G4nKp4IUyXcpLSPf1&usqp=CAU']"
278,"['https://images-na.ssl-images-amazon.com/images/I/91EzQW1GsuL._AC_SL1500_.jpg']"
279,"['https://i.ytimg.com/vi/5njzf1ArAVk/maxresdefault.jpg', 'https://encrypted-tbn0.gstatic.com/images?q=tbn%3AANd9GcQl2Krb9asirTKe831lgVFrVUyRYDsFUs6hNM3YPq0l-pu0P3Gu&usqp=CAU']"
280,"['https://images-na.ssl-images-amazon.com/images/I/61ckQO3mcWL._SY355_.jpg']"
281,"['https://sep.yimg.com/ay/yhst-86441199146233/blue-exorcist-playing-cards-12.gif']"
282,"['https://images-na.ssl-images-amazon.com/images/I/61zAVSS94kL._SL1000_.jpg']"
283,"['https://images-na.ssl-images-amazon.com/images/I/810QpvfgQGL._AC_SX522_.jpg']"
284,"['https://5.imimg.com/data5/GB/XX/EF/SELLER-35805553/barodian-s-uno-playing-flash-cards-for-kids-party-table-fun-games-playing-cards-game-pack-of-2--500x500.jpg']"
285,"['https://ae01.alicdn.com/kf/Hb6859176afaf415d88c01d367c12672dL/Bicycle-Rider-Back-Standard-Index-Playing-Cards-Black-White-Deck-Poker-Size-USPCC-Custom-Limited-Edition.jpg_q50.jpg']"
286,"['https://images-na.ssl-images-amazon.com/images/I/51TIAuqxOhL._AC_SX355_.jpg']"
287,"['https://encrypted-tbn0.gstatic.com/images?q=tbn%3AANd9GcR80usxEXsnoyfu3siMMt93DtPK0cvv8Tj8yH_BAY7ze2rliZwi&usqp=CAU']"
288,"['https://i.ytimg.com/vi/oLUcUUfa4XU/maxresdefault.jpg']"
289,"['https://encrypted-tbn0.gstatic.com/images?q=tbn%3AANd9GcTaTnrfbK6GbvjR7d8zu2QHwQBgvWy1IAbHRZY9ivpTEoai6YJB&usqp=CAU']"
290,"['https://i.pinimg.com/originals/cc/a3/ed/cca3ed708ebf85575b30cd8e63cddd7b.jpg']"
291,"['https://i.pinimg.com/originals/25/f4/8e/25f48ee0c2f337cddb2b759bc34e3fbe.jpg']"
292,"['https://www.shutupandsitdown.com/wp-content/uploads/2019/06/4047a2450525e21af5a83050c6005339.jpg']"
293,"['https://images-na.ssl-images-amazon.com/images/I/512VSRP05ML._SX355_.jpg']"
294,"['https://images-na.ssl-images-amazon.com/images/I/61rEgAQsyfL._SX425_.jpg']"
295,"['https://vignette.wikia.nocookie.net/yugioh/images/e/e9/RP01-BoosterEU.png/revision/latest?cb=20130912034209']"
296,"['https://i.ebayimg.com/images/g/ImEAAOSwe8ldEL~s/s-l640.jpg']"
297,"['https://i.pinimg.com/originals/30/c4/2e/30c42e416bd656e6bc641151445b166c.jpg']"
298,"['https://images-na.ssl-images-amazon.com/images/I/41DX9xGQqoL._SL500_AC_SS350_.jpg']"
299,"['https://i1.wp.com/artsycraftsymom.com/content/uploads/2019/05/05_Cupcake-Crafts-for-Kids.jpg?resize=600%2C400&ssl=1']"
300,"['https://images-na.ssl-images-amazon.com/images/I/61ipNSWZirL._SY355_.jpg']"
301,"['https://images-na.ssl-images-amazon.com/images/I/717gDSLVLfL._SY355_.jpg']"
302,"['https://i.ebayimg.com/images/g/NiUAAOSwNixcwZHV/s-l300.jpg']"
303,"['https://encrypted-tbn0.gstatic.com/images?q=tbn%3AANd9GcQaqon9WxN-HYWQpG9axOljY6gkApRw_TUzgWuKIheoo_HaqWzJ&usqp=CAU']"
304,"['https://images-na.ssl-images-amazon.com/images/I/81lZxtFvdfL._SY355_.jpg']"
305,"['https://i.pinimg.com/originals/91/20/91/9120916d068f6d85369feacbff8606fd.jpg']"
306,"['https://encrypted-tbn0.gstatic.com/images?q=tbn%3AANd9GcTByN11BpdI44gY023NZuwuIhvLxkWMuRKrNzhz4RUwc8TluniH&usqp=CAU']"
307,"['https://i.pinimg.com/236x/4a/8c/b3/4a8cb39c2aba2609a4237431ec180dd5--sport-theme-fundraisers.jpg']"
308,"['https://m.media-amazon.com/images/I/314tKIFtkBL.jpg']"
309,"['https://cdn.shopify.com/s/files/1/0665/3767/products/Porcelain-4_1024x1024.jpg?v=1527900344']"
310,"['https://images-na.ssl-images-amazon.com/images/I/61lNE47neCL._AC_UL160_SR160,160_.jpg']"
311,"['https://encrypted-tbn0.gstatic.com/images?q=tbn%3AANd9GcRaKiB_WN02T0h3lqCUoPrlavAXVo-MazFatyy1v9MotrAbrYIh&usqp=CAU']"
312,"['https://cdn.shopify.com/s/files/1/2474/9002/products/4973028516333_GMS105_GUNDAM_MARKER_-_BASIC_6_COLOR_SET_300x300.jpg?v=1540164931']"
313,"['https://images-na.ssl-images-amazon.com/images/I/71N7HN63qyL._SL1000_.jpg']"
314,"['https://m.media-amazon.com/images/I/41JRUVtEG+L.jpg']"
315,"['https://cdn.shopify.com/s/files/1/0665/3767/products/Porcelain-2_1024x1024.jpg?v=1527889158']"
316,"['https://www.scentcoinc.com/zwp/wp-content/uploads/2017/12/T2000-1G19_Pencil_Tubes.jpg']"
317,"['https://images-na.ssl-images-amazon.com/images/I/61shBhDQ6NL._SX355_.jpg']"
318,"['https://encrypted-tbn0.gstatic.com/images?q=tbn%3AANd9GcRvmAfSgWZXqW8R1vA2ySUnufYvBqwR4Xxd-ddH0A4ReirdwhW9&usqp=CAU', 'https://i1.wp.com/blog.sillybillystoyshop.com/wp-content/uploads/2018/06/brookie_harrier.jpg?ssl=1']"
319,"['https://images.esellerpro.com/2489/I/172/419/6/BRI-33406-PROD.jpg']"
320,"['https://i.pinimg.com/originals/a7/74/ed/a774ed038b34458344bb0838a48297bd.jpg']"
321,"['https://images-na.ssl-images-amazon.com/images/I/51pT2Lcrz%2BL._AC_SX425_.jpg']"
322,"['https://encrypted-tbn0.gstatic.com/images?q=tbn%3AANd9GcQ2JcdWXwuB-wC3jX_W5pedbEA54LLLX6jy66dWW1zm7R2FGuEv&usqp=CAU', 'https://images-na.ssl-images-amazon.com/images/I/41zv79zdu5L._AC_.jpg']"
323,"['https://i.ebayimg.com/images/g/hOUAAOSw0NNdTNl2/s-l640.jpg']"
324,"['https://images-na.ssl-images-amazon.com/images/I/71V3Gu39SpL._AC_SX425_.jpg']"
325,"['https://encrypted-tbn0.gstatic.com/images?q=tbn%3AANd9GcT1qsLBv5GkwhERBgeaXVq5NLPkwFhlh16-o1P-ZpXfLDLlqOjx&usqp=CAU']"
326,"['https://images-na.ssl-images-amazon.com/images/I/61j7FAX1eRL._AC_SY355_.jpg']"
