name,produced,Id
Chuggington,Learning Curve Chuggington Interactive Bridges & Tunnels Starter Set,0
Chuggington,Learning Curve Chuggington Interactive Koko,0
Hornby,Hornby Gauge Eurostar 2014 Train Set,1
Hornby,Hornby R1151 Caledonian Belle 00 Gauge Electric Train Set,1
Thomas & Friends,Thomas & Friends Trackmaster Diesel 10 Motorised Engine,2
Hornby,Hornby Railroad 00 Gauge LNER Class A4 Gadwell with TTS Sound Steam Locomotive,1
Hornby,Hornby R1167 Flying Scotsman 00 Gauge Electric Train Set,1
Hornby,Hornby 00 Gauge 270mm BR Mk1 Corridor Second BR Coach Model (Maroon),1
The Dice Place,Dice - 25 x 16mm 6 sided spot dice - mixed colours,3
The Dice Place,"Perudo dice set - Liar Dice - 5 sets of 5 coloured dice, 14mm size",3
Forlorn Hope Games,"Big Cherry Dice, 5x Green D10 Die, 10 Sided Dice",4
Gamewright,Gamewright Feed the Kitty,5
Jesters,Beetle Drive Score Pads for Beetle game x 4 pads,6
Q-Workshop,Q-workshop Japanese D10 Dice Set - Black & White,7
Learning Resources,Learning Resources Foam Number Dice,8
The Dice Place,"100 six sided dice, 14mm, random colours",3
Chessex,"Polyhedral 7-Die Opaque Dice Set - Dusty Green with Copper (d4, d6, d8, d10, d12, d20 & d00)",9
Q-Workshop,Q workshop Runic Dice set - Black and Yellow,7
Q-Workshop,Unique Runic White D2 & Black D4 Dice Set,7
WHATWEARS,WHATWEARS Sd Die D4 D6 D8 D10 D12 D20 MTG RPG D&D DND Poly Dices Pearl Green 7pcs,10
Poly Dice Sets,Gem Clear Set,11
MY,MY Games 10pc Dice Set,12
Chessex,Polyhedral Dice: Gemini 4 Black-Purple w/ Gold,9
Unbeatable Games,"30 Dice, 16mm, Black and White",13
The Creativity Hub,Story Cubes Prehistoria [Multilingual],14
Q-Workshop,Elvish Dice White/Black (7),7
Kent & Cleal,Poker dice and dice cup 00592,15
Q-Workshop,Q-workshop Runic Dice Set - Black & White,7
Q-Workshop,Q-Workshop - Set of White & Black Tribal Dice,7
Forlorn Hope Games,SmartDealsPro Set of 7 Dungeons and Dragons DND RPG MTG Table Games Dice(7 Colors Available) (Pure color series),4
Chessex,Chessex Dice: Polyhedral 7-Die Scarab Dice Set - Scarlet with Gold CHX-27414,9
Rory's Story Cubes,Rory Story Cubes Mix Score,16
Kent & Cleal,"Dice, pack of 10 polyhedron - 00536",15
WHATWEARS,WHATWEARS D20 Gaming Dice Twenty Sd Die RPG D&D Set of 6 Six Opaque Color,10
Q-Workshop,Q-workshop Pirate Dice (2),7
Dice,20 BLUE CASINO STYLE DICE / CRAPS - LARGE 19MM NEW,17
Q-Workshop,Q-workshop Runic Dice Set - White & Black,7
Koplow Games,Left Center Right Dice Game in Tin,18
David Westnedge Games,"Leather Dice Cup (One cup, does not include dice)",19
Q-Workshop,"Q-Workshop Elven SELV14 Dice Set for RPG, Green & White",7
Q-Workshop,Q-Workshop - Set of Transparent & Blue Elvish Dice,7
Forlorn Hope Games,"Big Cherry Dice, 5x Red D10 Die, 10 Sided Dice",4
Q-Workshop,Q-workshop Classic Dice Set - Black & White,7
Forlorn Hope Games,"10x7 dice sets, opaque, plastic mix of colours. Contains d4, d6, d8, d10, d12, d20 and d%",4
Q-Workshop,Q-Workshop - Set of Black & White Dragon Dice,7
Bulk Dice,100 x 7mm opaque Plastic dice (Black),20
Chessex,Chessex Dice: Polyhedral 7-Die Opaque Dice Set - Ivory with Black [Toy],9
A to Z,Giant Ludo Game,21
Q-Workshop,Q-workshop Runic Bag II,7
Q-Workshop,D20 Level Counter Black/White,7
Smartdealspro,SmartDealsPro 8 x 7-Die Series 8 Colors Sparkle Dungeons and Dragons DND RPG MTG Table Games Dice,22
Q-Workshop,Pathfinder Iron Gods (7) Dice Set,7
The Dice Place,"Dice bulk pack for D&D RPG - 5x7 dice sets, opaque, plastic, 5 colours. d4, d6, d8, d10, d%, d12 and d20 x5",3
Backspindle Games Limited,Luchador! Mexican Wrestling Dice,23
Pocket dice games,Pocket / Travel Yatzy dice game,24
Forlorn Hope Games,50 x 12mm Round Corner Spot (Grey),4
Jesters,Farkle Score Pads X 2 (100 sheets),6
Re:creation Group Plc,Casino Quality Dice,25
Q-Workshop,Q workshop Dragon Dice set - Black and Yellow,7
Dude Dice,Dude Dice - Level 1 (for children aged 5 to 8),26
Q-Workshop,Call of Cthulhu Horror on the orient express Black-purple dice set (7),7
Pocket dice games,Pocket / Travel Peruvian dice game,24
Forlorn Hope Games,"Big Cherry Dice, 5x Black D10 Die, 10 Sided Dice",4
David Westnedge,Poker Dice,27
Q-Workshop,Ent Dice Bag,7
Chessex,Polyhedral 7-Die Scarab Dice Set - Royal Blue with Gold [Toy],9
BOGGLE,BOGGLE - THE 3 MINUTE WORD GAME. 1996 EDITION BY PARKER,28
Chessex,"Polyhedral 7-Die Gemini Dice Set - Purple & Steel with White (d4, d6, d8, d10, d12, d20 & d00)",9
George,LCR / Left Center Right Family Dice Game in a Tube Aka LRC CLR CRL RCL RLC (Color May Vary),29
The Creativity Hub,The Creativity Hub Rory's Story Cubes,14
Chessex,Polyhedral 7-Die Opaque Dice Set - Purple with White [Toy],9
Q-Workshop,Q-workshop Runic Dice Set - Black & Red,7
Unknown,Rorys Story Cubes,30
Forlorn Hope Games,"Dice, spot-pack of 10 x 16mm. diameter.00563",4
Jesters,Beetle Drive Score Pads for Beetle game,6
Bulk Dice,25 x 12mm Toxic Plastic dice (Acid),20
Masters,4 Player Shut The Box,31
Bulk Dice,50 x 10mm opaque Plastic dice (Ivory),20
Chessex,Polyhedral 7-Die Borealis Dice Set - Sky Blue with White [Toy],9
Brimtoy,Peruvian Dice Game. The original Liar's dice game from Peru - 6 player,32
BigCherry,"Big Cherry 20x Halma Pawns, Plastic Playing Pieces - Purple",33
Magic Sand,"VB© Magic Sand 100g Bags Assorted Colours, Mould it, Roll it, Cut it, Shape it. Motion Kinetic Childrens/Kids Moving Play-Set",34
Motion Sand,Motion Sand® 2000g Pack,35
Generic,2 Minutes Security Hourglass Sand Timer -Orange,36
Magic Sand,"LIGHT BLUE Magic Sand 500g With 3 Castle Moulds- Sculpture, Mould and Play",34
Generic,Security Fashion Hourglass 15 Minutes Sand Timer -Purple,36
Kinetic Sand,Wacky-tivities Kinetic Sand 14 oz Neon Red,37
Generic,10 Minutes Hourglass Sandglass Sand Timer Silver Lid Purple Sand,36
Motion Sand,Motion Sand Beach Bucket Playset,35
Motion Sand,Motion Sand® Fun Beach Playset,35
Motion Sand,Motion Sand® Learning Bucket Playset,35
Craftplay,Safari Theme Sand Art Pictures (Pack of 20) (15 x 21 cm) - Sand NOT included,38
Baker Ross,Butterfly Plastic Sand Art Bottles for Children to Fill with Sand & Display Gifts- Pack of 4,39
Kinetic Sand,Kinetic Sand - Sandbox & Molds - Purple,37
Cra-Z-Sand,Cra-Z-Sand Tub,40
Motion Sand,Motion Sand® Sea Life Playset,35
Motion Sand,Motion Sand Round Tub Playset,35
Motion Sand,Motion Sand® Dinosaurs Playset,35
Kidoloop,Magic Motion Sand 800g 1.76lb with Plastic Tray & Creative Parts box set RED,41
Kinetic Sand,Kinetic Sand Box Set,37
Kinetic Sand,"Kinetic Sand, 1lb (454g) Metallic Gold",37
Baker Ross,Coloured Sand 350g of 8 Assorted Colours for Childrens Sand Art Crafts & Textured Paint Effects - Pack of 8,39
Kinetic Sand,Wacky-tivities Kinetic Sand 14 oz Neon Orange,37
just4baby,Just4baby Magic Motion Sand 1.5kg 1500g Play Set Tub Castle & Animal Moulds Children Toy,42
just4baby,Magic Motion Moving Sand 1kg 1000g Play Set Tub Castle Moulds Children Toy,42
Generic,2-Minute Hourglass Sandglass Sand Timer - Pink,36
Cra-Z-Sand,"Cra-Z-Sand Deluxe Playset, Color May Vary",40
Kinetic Sand,"Kinetic Sand 2-Pound Packet Sand Art, Brown",37
MTS,Childrens Bottle Sand Art Set Kids Make Your Own Activity Craft Kit,43
Kinetic Sand,Kinetic Sand 2lb Pack (Brown),37
Kinetic Sand,Kinetic Sand 1.5 lb Neon Playset (Purple),37
Misha,Colourful Kinetic Sand (Orange),44
Kinetic Sand,Wacky-tivities Kinetic Sand 14 oz Neon Pink,37
Motion Sand,Motion Sand® Castle Bucket Playset,35
Spin Master,"Kinetic Sand, 1lb (454g) Shimmering Blue Sapphire",45
John Adams,John Adams Sands Alive Animal Set,46
Wishtime,"Wishtime Arts&Crafts Creative Kinetic Sand Alive Safety Super Soft Motion Sand with Molds playset for Boy and Girls (500g-Purple,Burgandy,Blue,Green,Yellow,Color Delivery Random)",47
KandyToys,Childrens Bottle Glow Sand Art Set Make Your Own Activity Craft Kit,48
Character Options,Cra-Z-Sand 1.5 lb Sand Refill Box Set - Select Colour (Neon Green),49
Craftplay,Farm Animals Sand Art Pictures (Pack of 20) (15 x 21 cm) - Sand NOT included,38
Transformers,Transformers Robots in Disguise Mega Optimus Prime Action Figure,50
Transformers,Transformers Masterpiece MP-8 Grimlock Figure,50
Transformers,Transformers Generations Combiner Wars Deluxe Class Protectobot Rook Action Figure,50
Transformers,Transformers Generations Combiner Wars Legend Bombshell,50
Halo,HALO 4 Series 3 Commander Palmer Action Figure,51
NECA,PREDATORS Series III Classic Predator 18cm,52
Takara Tomy,Optimus Prime DMK 01 Transformers Movie Dual Model Kit,53
k2-accessories Seed Beads,50g / 750 beads+ / Silver Lined Seed Beads 6/0 - Turquoise - A4666 / 50g,54
k2-accessories Alphabet Letter Beads,"50 pieces 6mm ""Y"" White Cube Individual Letter Beads - KB0661",55
Loom,Deal 600 Mixed Mettalic Gold & Silver Loom Bands With 20-Clips 1 tool,56
Hama,Hama Beads - Pack of 4 Pegboards (Midi Beads),57
Hama,Hama Beads 10000 Beads in a Bucket-10 thousand beads -genuine,57
Hama,"Hama Beads 10,000 Beads in a Bucket",57
k2-accessories Alphabet Letter Beads,"50 pieces 6mm ""S"" White Cube Individual Letter Beads - KB0655",55
k2-accessories,50 x Crystal Quartz Faceted Rondelle Beads 5040 - 8x10mm Dark Red - A7179,58
k2-accessories Charm Pendants,30 pieces Tibetan Silver Cute Feet Metal Charm - A0074,59
k2-accessories Acrylic Plastic Beads,25g - 4mm Mixed Acrylic Faceted Bicone Beads - A5214,60
Just Say Beads,"8 x Large Antique Bronze Key Charms and Jump Rings included for attachments. Universal use for Jewellery, Card Making and Scrap-booking. Check out our Fantastic wide range of Beads, Charms and Findings (Ref:9B26)",61
k2-accessories Jewellery Findings,k2-accessories 1 Box Bronze Plated Metal Jump Rings - approx. 1500 pcs / 0.9mm thickness Mixed - A6325,62
k2-accessories Alphabet Letter Beads,"50 pieces 6mm ""E"" White Cube Individual Letter Beads - KB0641",55
Amazing child Montessori,Peg Board with 1000 Pegs,63
k2-accessories Alphabet Letter Beads,"50 pieces 6mm ""P"" White Cube Individual Letter Beads - KB0652",55
Beado's,Beados Glitter Starter Kit,64
myStyle,myStyle Jewellery Design Studio,65
Hama,"Hama Beads - Group Pack 4,000 Beads",57
Rainbow Loom,Rainbow Loom Sweets/Bonbons (Cotton candy),66
k2-accessories Alloy Metal Spacer Beads,10 pieces Tibetan silver style Alloy connectors - A0467,67
Lyndie's Craft,Lyndie's Craft Tibetan Silver bar connectors x10. 30mm Jewellery,68
Rainbow Loom,Official Rainbow Loom 600 Grey Refill Bands w/ C Clips,66
Rainbow Loom,Official Rainbow Loom Brand Persian Collection Rubber Bands 600 count and 24 C-Clips (PURPLE),66
Hama,Hama Beads - Dark Red (1000 Midi Beads),57
ETHAHE,ETHAHE 600pcs Light Green Latex-free Loom Refill Rubber Bands Bracelets with 24 S-Clips,69
DKL,Hama Beads 1000 Bead Pack Gold - 61,70
Hama,Hama Maxi Beads Car Set,57
k2-accessories Charm Pendants,20 pieces Tibetan Silver Angel Wings Alloy Charm - A0017,59
Grafix,Grafix Animal Designer Bead Set,71
Loom Bands,Loom Bandz - Rainbow Colours - White 600 Count,72
k2-accessories Beading Thread Wire,70 - 100 Meters x 0.38mm Tiger Tail Beading Thread Wire - Silver - A7312,73
Riga,"8 x Antique Bronze Filigree Heart Charms with Jump Rings included for attachments. Universal use for Jewellery, Card Making and Scrap-booking. Check out our Fantastic wide range of Beads, Charms and Findings (Ref9B36)",74
Lyndie's Craft,Lyndie's Craft Tibetan Silver 4 hole square connectors x 8. 15mm.Jewellery,68
Beado's,Beado's Refill,64
Indigo,"Loom Bands 300 or 600, Rainbow, Glitter, Metallic, Candy Stripe, Colour Changing, Glow in Dark, Scented, Solid, Tie Dye (Glitter 300)",75
Hama,"HAMA 207-05 - Beads Red, 1000 Pcs",57
Hama,Hama Beads - Neon Pink (1000 Midi Beads),57
LoomAstic Bands,Loom Bands 600 Bands / Clips / Hook - T1 Black,76
Friendship Loom,600 x Loom Rubber Bands 2 Colour 24 x S Clips Tool Twist Colourful,77
KSG,KSG Pin-It Motorcross,78
Creativity International,Super Poster Display Paper x 1 Roll Orange,79
Past Times Quilling,"Quilling Papers 3mm, Pack of 100 - Assorted Blues",80
Moon's Outlet,Paint By Numbers Kits Canvas Mounted on Wood Frame with Brushes and Paints by *Moon's Outlet* Reverside House + Girl + Hug + Plum Blossom + Love of Birds + Poppy Garden + Romantic Coast + Lakeside + Lotus Pond + Street in Paris + Buddha + Child Interests + Bridges + Baby Panda + Pink Lady + Chindhood + Heaven + Love The Sea + Swallow + Green House + Ducks + Provence + Poeny + Carp + Magnolia for adults children seniors junior DIY digital oil painting (Peony),81
MADE4U,MADE4U Paint By Numbers Kits Canvas Mounted on Wood Frame with Brushes and Paints for Adults Children Seniors Junior DIY Beginner Level Acrylics Painting Kits on Canvas (Audrey Hepburn 8651),82
Creativity International,Super Poster Display Paper x 1 Roll - Dark Blue,79
Animewild,Sons Of Anarchy Patch Sticker,83
Baker Ross,"Jungle Animal Foam Stickers 12 Assorted Designs, Kid's Craft Activities, Embellishments for Decorating, Scapbooking & Card Making (Pack of 96)",39
MADE4U,MADE4U Paint By Numbers Kits Canvas Mounted on Wood Frame with Brushes and Paints for Adults Children Seniors Junior DIY Beginner Level Acrylics Painting Kits on Canvas (Ancient Town),82
Melissa & Doug,Melissa & Doug Party Favours: Ballerina Doll,84
YEESAM ART DIY,"[ New Release ] Diy Oil Painting by Numbers, Paint by Number Kits - Two Angels 16*20 inches - Digital Oil Painting Canvas Wall Art Artwork Landscape Paintings for Home Living Room Office White Christmas New Year Valentine Decor Decorations Gifts - Diy Paint by Numbers Diy Canvas Kit for Adults Advanced Children Seniors Junior - New Arrival",85
MADE4U,MADE4U Paint By Numbers Kits Canvas Mounted on Wood Frame with Brushes and Paints for Adults Children Seniors Junior DIY Beginner Level Acrylics Painting Kits on Canvas (Alice G029),82
TREND ENTERPRISES INC.,Crosses Religious Sparkle Reward Stickers,86
Baker Ross,Seaside Foam Stickers for Children to Decorate Summer Cards Crafts and Collage (Pack of 120),39
Studio Light,Die Cut Découpage Sheet - Flower Fairies 17,87
TheWorks,Mega Sticker Set - Skylanders Giants (Over 225 stickers + 1 Album),88
Stickers,2 PACKS EACH OF FUN CREATIVE BRIGHT COLOURFUL SPARKLY REWARD CHART SIZE COLLECTING SMILEY FACE AND STAR STICKERS ((Age ranges)),89
Past Times Quilling,"Quilling Papers 10mm, Pack of 175 - Winter Colours",80
Creativity International,Super Poster Display Paper x 1 Roll Light Green,79
Moon's Outlet,Paint By Numbers Kits Canvas Mounted on Wood Frame with Brushes and Paints by *Moon's Outlet* Sunset in Beach + Lakeside Sunset + Summer Lotus + Firy Maple Leaves + Swan Lake + Peacock + Flowers beside Path + Afternoon Tea + Orioles + Mickey & Minnie + Houses in Forest + Port in Evening + Snow + Travelling by the Sea + St.Albans + Peony in New Year + Jungle Stream + Town in 30s + Dream Valley + Waterwheel House + Unicorn + Red Followers + Peony + Dream Farm + Vase for adults children seniors junior DIY digital oil painting (Peony),81
Reeves,Reeves Painting by Numbers Artist Collection Emerald Forest (Large),90
Creativity International,Super Poster Display Paper x 1 Roll - Red,79
Past Times Quilling,"Quilling Papers 3mm, Pack of 100 - Green",80
Melissa & Doug,Melissa & Doug 45 cm x 22 m Easel Paper Roll,84
Baker Ross,Halloween Stickers Value Pack for Children to Decorate Cards Crafts and Collage (Pack of 230),39
Baker Ross,Insect Scratch Art Self-Adhesive Magnets 6 Assorted for Children to Design & Make(Pack of 12),39
Baker Ross,Black & White Wiggle-Eye StackRound & Oval Shaped eyes Assorted Sizes for Children's Craft Activities (560 Eyes),39
Anker,Anker Transformers Stationery Set,91
Past Times Quilling,"Quilling Papers 3mm, Pack of 100 - Assorted Reds",80
Past Times Quilling,"Quilling Papers 3mm, Pack of 100 - Assorted Yellows",80
Animewild,Sons Of Anarchy Sons Reaper Black Sticker,83
Intex,"INTEX Inflatable Swimming Paddling Play Pool 3 Ring Blue Toy Kids Childs Childrens Baby Family Sizes - 45'' , 58'' , 66'' Diameter (58'' x 13'')",92
Intex,Intex Fishbowl Pool,92
Konfidence,Konfidence Youth Swim Jacket - Blue/Navy - 10-12 yrs,93
KT,Set Of 20 Foam Water Pistol HYDRO STORM Blaster Shooter Pump,94
Aquaplay,"AquaPlay 616, Portable LockBox",95
Glitter Tattoo Stencils,Pack of 24 Christmas & New Year Glitter Tattoo Stencils - 12 Unique Designs In Each Pack,96
Glitter Tattoo Powder,"3 Pots Of Large 5 Gram Cosmetic Grade Glitter Powders, Ideal For Glitter Tattoos & Body Art. Red Selection",97
Glitter Tattoo Kits,"Glitter Tattoo Kit with 60 Stencils, 8 Cosmetic Glitters, Glue and Brush. Great Value for Fundraisers and Parties",98
Halloween,"Glitter Tattoo Body Glue / Adhesive. Spooky Witches, Perfect For Halloween",99
Unknown,Boys Glitter Tattoo Kit - 24 Stencil Party Pack - 6 Glitters & Brushes & Glue,30
Girls Glitter Tattoo Kits,Girls Glitter Tattoo Kit - 24 Stencil Party Pack - 3 Glitters + Brushes & Glue,100
Glitter Tattoo Kits,Princess and Pirate Body Art Glitter Tattoo Kit / Gift Set,98
Glitter Tattoo Stencils,Pack Of 24 Boys Junior Glitter Tattoo Stencils - 12 Unique Designs In Each Pack,96
Glitter Tattoo Stencils,Pack Of 24 Under The Sea Glitter Tattoo Stencils - 12 Unique Designs In Each Pack,96
Glitter Tattoo Powder,"3 Pots Of Large 5 Gram Cosmetic Grade Glitter Powders, Ideal For Glitter Tattoos. Purple/Orange/Silver",97
Scalextric,Scalextric C8240 Radius 1 Outer Border/Barriers 1:32 Scale Accessory,101
Scalextric,Scalextric Digital C1296 Pit Stop Challenge 1:32 Scale Race Set,101
Scalextric,Scalextric C8215 Lap Counter/Timer 1:32 Scale Accessory,101
Scalextric,Scalextric C8226 Elevated Track Supports Set,101
Scalextric,Scalextric Digital 1:32 Scale Racer Race Set,101
Scalextric,Scalextric C8511 Track Extension Pack 2 - Leap 1:32 Scale Accessory,101
Scalextric,Scalextric Digital C7002 Hand Throttle including 5 x Colour Clips 1:32 Scale Accessory,101
Scalextric,Jadlam Racing New MICRO SCALEXTRIC 2x HAND CONTROLLERS THROTTLES,101
Scalextric,Scalextric Digital C7041 Pit Lane Game 1:32 Scale Accessory,101
Scalextric,Scalextric C8204 Radius 3 Curve 22.5 degree x2 (C153) 1:32 Scale Accessory,101
Scalextric,Scalextric Digital C1276 Platinum 1:32 Scale Race Set,101
Scalextric,Scalextric C8295 Elevated Track 1:32 Scale Accessory,101
Hot Wheels,Hot Wheels P2843 Car Launcher Track Accessory Pack,102
Scalextric,Scalextric 1:32 Scale Monster Truck Mayhem Race Set,101
Scalextric,Scalextric C8297 Banked Curve Radius 3 45 degree 1:32 Scale Accessory,101
Scalextric,Jadlam Racing New MICRO SCALEXTRIC SPARE BRAIDS PACK OF 6,101
Scalextric,Scalextric C3622 1:32 Scale Aston Martin Vantage GT3 Gulf Slot Car,101
Scalextric,Scalextric Digital C8516 Plug for Digital Plug Ready (DPR) Single Seat Cars 1:32 Scale Accessory,101
Micro Scalextric,Micro Scalextric GT Car No 26 (Black),103
Scalextric,Scalextric 1:32 Scale Mini Countryman WRC Slot Car,101
Carrera,Carrera Ferrari Evolution 150 Italia Felipe Massa No.6,104
Micro Scalextric,Micro Scalextric 1:64 Scale Turbo GT Race Set,103
Scalextric,Scalextric 1:32 Scale Lotus Exige R-GT Slot Car,101
Scalextric,Scalextric C3305 Ford RS200 1:32 Scale Slot Car,101
Scalextric,Scalextric 1:32 Scale Bentley Continental GT3 Slot Car,101
Scalextric,Scalextric C3643 1:32 Scale McLaren P1 Slot Car,101
Scalextric,Scalextric 1:32 Scale Monte Carlo Rally Lancia Delta S4 Vs Audi Quattro Limited Edition Slot Car Twin Pack,101
Scalextric,NEW SCALEXTRIC CAR C3093 CATERHAM R500 1999 WHITE,101
Scalextric,Scalextric 1:32 Scale Lotus Exige V6 Cup-R Slot Car,101
Scalextric,Scalextric 1:32 Scale VW Polo WRC Slot Super Resistant Car,101
Scalextric,Scalextric C3258 Chevrolet Camaro 1:32 Scale Slot Car,101
Scalextric,Scalextric C3623 1:32 Scale Aston Martin Vantage GT3 Beechdean Slot Car,101
XT-XINTE,XT-XINTE FQ777-124 Pocket Drone 4CH 6Axis Gyro UFO Quadcopter With Switchable Controller RTF Helicopter (Black),105
Scificollector,The Adventures of Merlin Gwen Guinevere Pendragon Limited Edition Action Figure,106
Idena,Idena 8210418 Toy Knight Dressing Up Kit for Children 4 Pieces,107
Nollmit,Zoo Animal Hand Sock Glove Finger Puppets Sack Plush Toy Cow,108
Creativity for Kids,Creativity For Kids Creativity for Kids Kit Make Your Own Sock Puppets,109
The fancy dress and party store,Happy 18th Birthday Party Giant Wall Banner 3 Banners Age 18 Party Decoration,110
Gift Zone,Happy 6th Birthday Giant Party Wall Banner 3 Banners Age 6 Party Decoration,111
Ultra Pro,Ultra Pro Blue Deck Protectors. YuGiOh Size. (60),112
Yu-Gi-Oh!,Yu-Gi-Oh! YGO Legendary Collection 5D's C12 Card Game,113
Shuffle,Shuffle Monopoly Deal Card Game,114
Pathfinder,Pathfinder Adventure Card Game: Rise of the Runelords Character Add-On Deck,115
Pokemon TCG XY 2014 Spring Tin,Pokemon TCG XY 2014 Spring Tin,116
Alderac Entertainment Group,Alderac Entertainment Group Love Letter Adventure Time Boxed Edition Cards,117
Alderac Entertainment Group,Love Letter Card Game,117
Yu-Gi-Oh!,6 Booster Packs of - Yu-Gi-Oh! Battle Pack 3 Monster League Boosters,113
Ultra Pro,Ultra Pro SLEEVES 50 d12 Card Game (Clear),112
Bicycle,BICYCLE Warrior Horse,118
Playing Cards,Top Deck - Very High Quality Playing Cards - Linen Finish - Varnished,119
Yu-Gi-Oh,Yu-Gi-Oh Crossed Souls Booster Display Card Game (Pack of 24),120
Arcane Wonders,"Arcane Wonders ""Sheriff of Nottingham"" Board Game",121
Cheatwell Games,Cheatwell Games Pirate Snap and Pairs Memory Card Game,122
Shuffle,Shuffle Trivial Pursuit Card Game,114
Bicycle Cards,Bicycle Alchemy II Deck,123
Winning Moves,Winning Moves - Top Trumps The Dog,124
Greater Than Games,Sentinels of The Multiverse Miss Information Card Game,125
Brybelly,Timeline Discoveries Card Game,126
Magic The Gathering,Magic The Gathering Duel Deck - Jace vs Vraska ENGLISH,127
AoE Performance,Luxury Gold Plated Flexible Poker Playing Cards With Lined Gift Box And Certificate,128
Karnival,Karnival Elite Ltd Ed Playing Cards,129
Blue Orange,Braverats Card Game,130
Hobby Games,Pokemon Arceus Theme Deck Platinum Arceus Flamemaster,131
Top Trumps,Top Trumps - Manchester City 2013/ 2014,132
TALLON INTERNATIONAL,JUMBO PACK KIDS SNAP CARDS 13CM X 9CM APPROX 36 GREAT CARDS,133
Tasty Minstrel Games,Tasty Minstrel Games Eminent Domain Card Game,134
Pictionary,Pictionary Card Game,135
Rio Grande Games,Coloretto Card Game,136
Bicycle,Dragon Back Bicycle Playing Cards - Blue,118
Blue Exorcist,Blue Exorcist Playing Cards,137
Gamewright,Gamewright Sleeping Queens Card Game,5
MagicWorld,Bicycle Playing Cards,138
UNO Cards,UNO Cards,139
Bicycle,"Bicycle Playing Cards - Poker Size, Black Back",118
Bicycle,"White Raider Deck, Bicycle Playing Cards, Poker Size",118
Gamewright,Gamewright Zeus On The Loose Game,5
White Wizards Games,Epic Card Game,140
Warhammer,Blood Bowl Team Manager: Sudden Death,141
Yu-Gi-Oh!,Yu-Gi-Oh! 2015 Mega Tins Card Game,113
Gibsons Games,"Piatnik Playing Cards - Shakespeare, double deck",142
Fantasy Flight Games,A Game of Thrones: The Card Game,143
Upper Deck,Yu-Gi-Oh Trading Card Game Structure Deck Spellcasters Judgement - Experienced,144
Bicycle,Bicycle Bacon Lovers Playing Card by Collectable Playing Cards - Trick,118
Upper Deck,Yu-Gi-Oh Retro Pack 2008,144
Ultra Pro,Ultra Pro DECKBOX C30 Card Game (Solid Black),112
NECA,E.T. Series 2 - Telepathic E.T. Figure - 7'',52
MunchieMoosKids,Pack of 12 - Mexican Western Self Adhesive Moustaches - Great Boys Girls Party Loot Bag Fillers,145
Alex,Cupcake Craft,146
Anker,Despicable Me Combo Pack - SET OF 3 ITEMS,91
Anker,Anker Adventure Time Stationery Set,91
Galt Toys,Galt Toys Horrible Histories Awesome Art Set,147
Playwrite,Pencils Farm Design Pack of 6,148
Crayola,Crayola - 9 Glitter Glue,149
Fibracolor,"Fibracolor Fun Set, colouring pens, Colouring Pencils, Wax Crayons all in one multi box set suitable for home, school, nursery - Super Washable 372 Pieces",150
Smencils,Smencils Cupcake Pencil Case,151
Smencils,Smencils Sports Pencils,151
C. Kreul,Pearlised Sparkle Acrylic Deco Pens (Pack A) - Pack of 5 - Hobby Line 46201,152
C. Kreul,Glitter Porcelain & Glass Paint Pens (Pack A) - Pack of 5 - Hobby Line 16540,152
Ryman,Ryman Deluxe Art Set 126 Piece,153
Baker Ross,Coloured Mini Fluffy Chicks (Pack of 12),39
GSI Creos,Gundam Marker Basic 6 Color Set,154
Smencils,Smencils Rainbow Sherbert Pencil Case,151
Unknown,Depesche TOPModel 12 Basic Coloured Pencils,30
C. Kreul,Glitter Porcelain & Glass Paint Pens (Pack B) - Pack of 5 - Hobby Line 16541,152
Smencils,Smencils Graphite Pencils,151
Tofern,Tofern ® Syma 2015 Edition S107E/S107W New Version 3.5 Channel RC Indoor Helicopter with Gyro ~ Blue,155
Brookite,Brookite Shadow Kite,156
Brio,Brio 33406 Cow and Wagon,157
NPK,22 Silicone Reborn Baby Girl Realistic Newborn Baby Doll for Toddlers Xmas Gift,158
Stevenson Entertainment,Stevenson Entertainment Chitty Chitty Bang Bang Two Pack Figure Toy Maker & Grandpa,159
LEGO,LEGO Collectable Minifigures: Crash Test Dummy Minifigure (Series 1) (Bagged),160
Tomy,Chuggington Wooden Irving,161
Bristol Novelties,NEW VAMPIRE TEETH HALLOWEEN DRACULA FANCY DRESS,162
Star Trek,Star Trek The Original Series Communicator and Science Tricorder (Pack of 2),163
Teenage Mutant Ninja Turtles,Teenage Mutant Ninja Turtles Knee High Socks with Ribbon Raphael Mask,164
