name,Id
johnburns,0
cremcaramel77,1
Fledge,2
mrw20,3
zoltancserni,4
diego,5
theressafox,6
part-timer,7
Dusty,8
Mr.Kiff,9
Tellbee,10
bazman,11
limbo,12
Bluehunter,13
Chaz51,14
Mr.N.C.Walters,15
Mr.GarethJones,16
TrevorIbbotson,17
KeithHodgkiss,18
MrStephenHalligan,19
Schnuggles,20
AndrewPalmer,21
egg,22
StevenGroves,23
CarolMcCluskey,24
Sturgeee81,25
bradley,26
MissKelly,27
Diton,28
Mrs.PatriciaA.Brambley,29
Miker,30
AdamADG,31
C.JACKSON,32
Ms.P.Wilkinson,33
Mr.W.Harding,34
ThomasMcLaughlin,35
Mr.K.Peel,36
LadyTalisman,37
AnthonyTaylor,38
joeclaire,39
MrPeterJWarren,40
Master1,41
DrRick,42
DavidWurtzler,43
S2banOAP,44
Damian,45
Freyja,46
Cherry,47
alisonhopkins,48
Davehickory,49
joyjoy,50
R.L.,51
coppertop,52
Ak,53
CaronFlynn,54
A_Very_Modern_Slave,55
MRSJACQUINDAVIES,56
misschayward,57
MylesNeedham,58
MarkGillatt,59
DoctorG,60
AllyBhoy,61
Mr.SimonBooth,62
junehales,63
debramalpas,64
themint47,65
happydays,66
ANDREASOUTHCOAT,67
Yatsugashira,68
RachelAngharadOliver,69
MrsNJBirch,70
Jenni,71
MrsVMPryor,72
CoraliePopat,73
stuntmanmike4,74
HelenM.Moore,75
AliceBlayney,76
AshleyBrindley,77
PaulReynolds,78
Amazonfan,79
markanthonysimmonite,80
karljackson,81
Careful,82
SpiderMonkey,83
Ms.KathrynStuart,84
Mr.LeeM.Slater,85
NormaJohnstone,86
BarbaraSalt,87
ZandraEscudero,88
Mr.W.Jackson,89
HSBachmann,90
EmmaJaneRendall,91
MatthewHall,92
DavidCunningham,93
GerryD,94
DavidNash,95
MrAJMclean,96
TOKOLOSE,97
JamesBarrie,98
ASmith,99
C.Finch,100
StacyC,101
HassanRadwan,102
MRGentle,103
MartinJohnson,104
jaynem.,105
Mgt,106
Spegbore,107
JeanMichel,108
ChessQuant,109
J.Cook,110
RL,111
RAA,112
chivers,113
MrsCarrissaSmith,114
rosawoodbugs,115
Simonwhitehead,116
GrymieTygr,117
SammyWilsmore,118
MrJTucker,119
LucyHales,120
Ms.M.Blane,121
JayHall,122
WilliamDobson,123
PGD,124
MRDSullivan,125
DJ,126
benwhelan,127
babs,128
SueWood,129
E.Baku,130
ripper23,131
Jode,132
KR,133
Mr.N.P.Coleman,134
Duxfordred,135
JoelCooper,136
KamilJarzynowski,137
Nan,138
joshuastar,139
PierceCambay,140
MartinBengtsson,141
AntonyHarvey,142
Shokahn-of-Aurum,143
SandySaurusRex,144
DaraRobinson,145
JaneCarter,146
DavidAbbott,147
S.Miller,148
Joel,149
MiztressSophie,150
JamesCheng,151
Prof,152
Aconcernedfriend,153
M.palmer,154
R.S.Goins,155
MrRogerTWood,156
Amazo-Fan,157
RyanSmee,158
MrNutt,159
PacoG.Jaen,160
missjcsear,161
thatsgameover,162
ProfessorTenebrae,163
KatieOrmsby,164
MoosePapoose,165
bobbit,166
pjb1,167
Stoob,168
bruciebaby,169
DanielJames,170
SamuelBrooks,171
S.Carnell,172
M.Marom,173
MichelleRose,174
RdeBulat,175
Dominoe,176
Mrs.DeborahNobbs,177
EmilyDouble,178
AB,179
KevinCodd,180
Nismatter,181
JALHenderson,182
julieelsden,183
J.Grindrod,184
Lindylou23,185
RuneLarsen,186
H.A.Wellesley,187
MWMDarling,188
TheMuffinMan,189
GilG.,190
ACocteauTwinsFan,191
E.Hunt,192
Mrs.C.Williams,193
DaveHowes,194
MagicMike,195
BigRoy,196
KBB,197
Kaiters,198
MissEMMathieson,199
SophieGrimes,200
Rintar≈çOkabe(madscientist),201
CraigBailey,202
LucasGehrmann,203
LornaNormand,204
A.A.DuBouchet,205
adventchild7x,206
Nige,207
JamesRaven,208
Tracey,209
Ms.K.A.Young,210
J.Birch,211
Brownbill,212
InYourShoes,213
A.Martin,214
Bamboo,215
highlandlass,216
Artspark,217
Hogi,218
Darkbeaker,219
Demi,220
Reducator,221
Mr.M.CheethamMrsCheetham,222
otter,223
Bonzo,224
mrsjlo,225
JohnRichards,226
ssposeidon,227
M.Deacon,228
Reviewer,229
MsAHewitt,230
bigt,231
MarjoryMacsween,232
Mrs.MargaretEdwards,233
GeemaB113.,234
WR,235
J.F.CAMPBELL,236
MarilynWhitehead,237
charlottebonsall,238
ET,239
MRDMSIBLEY,240
Mr.A.Guy,241
YorkshireMan,242
Kieran.M,243
DouglasRobson,244
MartinFlanagan,245
ChrisHollins,246
JessEllenGollins,247
MrBJPThompson,248
mamaoftwo,249
StaffordLad,250
JennaPost,251
RobertC.Morris,252
SPresto,253
iainsallis,254
JeffH,255
Mrs.A.Yale,256
MadMandy,257
cbuckell,258
wiggyman,259
Cole76,260
VWATSON,261
RichardL.,262
SteveK,263
Helena,264
SomeoneSomewhere,265
RebeccaCampbell,266
Garageflower,267
no,268
T.K.Jensen,269
paularichie,270
danielzumpano,271
aminaadams,272
Mr.M.K.Davis,273
JennyEden,274
BKorczyk,275
feebee,276
MargaretPurdy,277
lianne,278
Ilky,279
sugarsweet,280
ChristineHicks,281
PinderLota,282
StephanieO'Rourke,283
casey007,284
Cotez103,285
LorraineCope,286
ElizabethEaster,287
HELENLONDON,288
WilmaGordon,289
Lorna-JeanGreevy,290
EHALEY,291
buckfizz92,292
anniepemberton,293
Jo75,294
SusanBailey,295
LindaH.,296
alanreilly,297
AgnieszkaR.,298
ChristineFirth,299
Mr.M.Mcculloch,300
Mrs.MaryHollyfield,301
MBay,302
NahidaBashir,303
LauraLee,304
S.Grey,305
NICCI,306
Kyrsty,307
KConsta,308
Clivegroombridge/SharronGroombridge,309
happyasgary,310
MrsAJRound,311
shazzle,312
moraggunn,313
MrSJWDavey,314
Samihamster,315
charlotte87,316
RichardHammond,317
sharonmitchell,318
Ginger,319
SaeedA.,320
hayley564,321
MissVioletRickerby,322
Gabzb,323
IJE,324
MaryThompson,325
MrsTJDutton,326
VanessaWellborne,327
jocorneill,328
Crackshot21,329
H.Wagner,330
missmaureenmkriel,331
jenniferharper,332
WJL,333
StephenE.,334
GideonBrimmerTaniaRamos,335
E.Christiana,336
CaroRichard,337
stace90,338
b4-its-2-l8,339
kerriewright,340
NeilWatling,341
jana,342
KatiM,343
LISASAVILLE,344
emmam,345
patriciajenkins,346
S.Mohammed,347
corrine,348
DerekMenzies,349
FionaChambers,350
S.Cullen,351
Beverly,352
LanaCunnah,353
Busybee,354
PatA.,355
PFJohnson,356
maureenannclark,357
PersonalisedPets,358
MrDIY,359
LucyCampbell,360
RebeccaC,361
CrisG,362
bimple,363
charlotteweaverEat-Sleep-Repeat,364
Tinks,365
stunnerv,366
MissHajarDe-Chausay,367
Bunny,368
CharlieWhite,369
TimUddin,370
thomasgibbons,371
TheHalls,372
lauraclay,373
janinepaolozzi,374
Pmk,375
Jenn,376
sueStevenson,377
Lammie,378
Von,379
trace,380
AdamMcGee,381
ElizabethBurns,382
KingBob,383
Grumblinglizg,384
JacobDawson,385
dominik,386
Leah,387
AlistairBennett,388
DwightSamuda,389
Creativemom,390
WENDYANNE,391
diane,392
KathyWild,393
PejuBello,394
lesleyfoster,395
FionnualaGreenan,396
tammybellerby,397
highlander,398
Beexreid,399
cmtomlin,400
AnnP,401
SophieGuile,402
AMM,403
Capri1,404
LadyDaxy,405
DavidK.Thomson,406
Rachiered,407
mirabella,408
akawes31,409
CJ's,410
LESLEY,411
August,412
maza,413
diana80,414
Kirsten,415
random_customer,416
D.Sanderson,417
Ms.B.Gunnewicht,418
lindakent,419
nigelbutler,420
mrsa,421
ameliasteer,422
veracrilly,423
PamW,424
ElizaB,425
faifreeburn,426
DAVIDALLANGEORGE,427
MaxK,428
JanetHennigan,429
HELEN,430
Fishandships-otherbits,431
denisesmith,432
chantellehullah,433
SusanneBowers,434
LisaT,435
MrsMouse,436
RHarvey,437
JanetteDurrant,438
M82,439
MRSJ.,440
JanetMillichamp,441
J.Butler,442
MrsJSHolt,443
EdnaRobinson,444
Marmalade,445
k123,446
Raybaybaby,447
Mrs.ALDeSousa,448
Izzard,449
RACHELJONES,450
Tinag,451
ManiCM,452
CHLOE46,453
DenWarwick,454
Robin,455
Seona,456
Aucassa,457
Cuddsies,458
dianeevans,459
pamwhitenett,460
EricBrannaghan,461
creat1vek1m,462
MrBrianWilde,463
AmandaThake,464
andreahenry,465
E.Heckingbottom,466
ValerieRettie,467
Tarka,468
carols.,469
PamC,470
Smudgey,471
ParsonJack,472
charmaine,473
kimbedford,474
EmmaMelissaCox,475
jutta,476
L.Wallis,477
fhmm,478
tinkerslots,479
theenglishshopper,480
Mrs.J.James,481
Sarahx,482
Stedsarmarni,483
Manamana,484
Mandi,485
joshmex,486
SAC,487
helenjohnston,488
CatherineOatway,489
FC,490
MrsJLiebscher,491
MissKLoveday,492
LittleMissMary,493
annkaspchar,494
FitMarie,495
JA,496
patg,497
Aszy,498
Frogman,499
PaulSeymour,500
normalperson,501
Mrs.L.J.Simmonds,502
DanielleStanley,503
lindseyMSills,504
LucyFairhurst,505
FrederickAckrill,506
elaineeasterbrook,507
LisaDavies,508
lori,509
claireburroughs,510
AMills,511
donnacrump,512
alison01,513
Yvonnemartin,514
TriciaOwens,515
ElaineAmbrose,516
heatherbennett,517
Vee,518
JuneTwidale,519
Mr.M.King,520
Cg,521
MarySheridan,522
Jeano,523
CR,524
sundayschoolsteph,525
Rainman,526
S.Churchward,527
Mazey,528
DR,529
PB,530
H.Dooley,531
steveward,532
je,533
Mrs.A.Day,534
Villiers,535
NadineA.,536
Mithrandir,537
AliceJenner,538
MillieDavis,539
MissNadineMohr,540
Dug,541
MsC.K.Russell-Jones,542
MissDouglas,543
MargaretRoy,544
I.Anhelcheva,545
ClarelouiseMedley,546
HAZEL.PAYNE,547
RobertMills,548
YvonneWalton,549
Shar,550
lukus,551
Sjayx,552
mrsAntoinetteStanley,553
gkerry,554
AndreaMair,555
Lel,556
zakariya,557
LamT.,558
FCB,559
PeterRushton,560
russcalver,561
WendyPotter,562
vee,563
MrJBPolley,564
BattyMumma,565
rebeccawaters,566
DoiaBaca,567
mrstevenagluyas,568
Wenmarking,569
MRSTWEEDY,570
SunnyBetty,571
PJThompson,572
pidgep,573
SimplyMike,574
Stvybis,575
AmazonCustomertommy,576
Tech2.0,577
MLOMAX,578
carolinejohnson,579
Marshall90,580
hannahhethin-jones,581
jeangarnham,582
L.Holden,583
ElizaR.,584
MJones,585
Mrs.DawnBarnes,586
J.Gray,587
GayanMaduranga,588
SPieroux,589
CraftySue,590
CeeJay,591
Helbas,592
CatherineM,593
Thea,594
Jemrex,595
KSMCossington,596
CarolineScholes,597
MrsAlexandraRobertson,598
GraemeRawding,599
